[
  {
    "command": "/settings",
    "key": "settings_cmd"
  },
  {
    "command": "/addFilter",
    "key": "addFilter_cmd"
  },
  {
    "command": "/removeFilter",
    "key": "removeFilter_cmd"
  },
  {
    "command": "/clearFilter",
    "key": "clearFilter_cmd"
  },
  {
    "command": "/filterList",
    "key": "filterList_cmd"
  },
  {
    "command": "/help",
    "key": "help_cmd"
  },
  {
    "command": "/info",
    "key": "info_cmd"
  },
  {
    "command": "/get_info",
    "key": "get_info_cmd"
  },
  {
    "command": "/language",
    "key": "language_cmd"
  },
  {
    "command": "/leaderboard",
    "key": "leaderboard_cmd"
  },
  {
    "command": "/mute",
    "key": "mute_cmd"
  },
  {
    "command": "/unmute",
    "key": "unmute_cmd"
  },
  {
    "command": "/ban",
    "key": "ban_cmd"
  },
  {
    "command": "/unban",
    "key": "unban_cmd"
  },
  {
    "command": "/set_rules",
    "key": "set_rules_cmd"
  },
  {
    "command": "/rules",
    "key": "rules_cmd"
  },
  {
    "command": "/start",
    "key": "start_cmd"
  },
  {
    "command": "/warn",
    "key": "warn_cmd"
  },
  {
    "command": "/set_max",
    "key": "set_max_cmd"
  },
  {
    "command": "/unwarn",
    "key": "unwarn_cmd"
  },
  {
    "command": "/set_welcome",
    "key": "set_welcome_cmd"
  }
]